{"cameraMode":{"drawMode":0,"name":"Shaded","section":"Shading Mode"},"sceneLighting":false,"audioPlay":false,"sceneViewState":{"m_AlwaysRefresh":false,"showFog":true,"showSkybox":false,"showFlares":true,"showImageEffects":true,"showParticleSystems":true,"showVisualEffectGraphs":true,"m_FxEnabled":true},"in2DMode":false,"pivot":{"x":-0.04320957139134407,"y":0.04163539409637451,"z":0.08106575906276703},"rotation":{"x":0.04786694422364235,"y":0.6524304151535034,"z":-0.04137348011136055,"w":0.7552359104156494},"size":0.24352926015853883,"orthographic":false}