{"cameraMode":{"drawMode":0,"name":"Shaded","section":"Shading Mode"},"sceneLighting":false,"audioPlay":false,"sceneViewState":{"m_AlwaysRefresh":false,"showFog":true,"showSkybox":false,"showFlares":true,"showImageEffects":true,"showParticleSystems":true,"showVisualEffectGraphs":true,"m_FxEnabled":true},"in2DMode":false,"pivot":{"x":-0.03708827868103981,"y":0.3980503976345062,"z":-0.5070211887359619},"rotation":{"x":0.007500724401324987,"y":0.0017314688302576542,"z":0.0000010311530331819086,"w":1.0000168085098267},"size":1.6999998092651368,"orthographic":false}