{"cameraMode":{"drawMode":0,"name":"Shaded","section":"Shading Mode"},"sceneLighting":false,"audioPlay":false,"sceneViewState":{"m_AlwaysRefresh":false,"showFog":true,"showSkybox":false,"showFlares":true,"showImageEffects":true,"showParticleSystems":true,"showVisualEffectGraphs":true,"m_FxEnabled":true},"in2DMode":false,"pivot":{"x":0.3338315188884735,"y":-4.812281608581543,"z":2.1619949340820314},"rotation":{"x":0.1449606716632843,"y":0.019293932244181634,"z":-0.0028259679675102236,"w":0.9892511367797852},"size":8.74272632598877,"orthographic":false}