{"cameraMode":{"drawMode":0,"name":"Shaded","section":"Shading Mode"},"sceneLighting":false,"audioPlay":false,"sceneViewState":{"m_AlwaysRefresh":false,"showFog":true,"showSkybox":false,"showFlares":true,"showImageEffects":true,"showParticleSystems":true,"showVisualEffectGraphs":true,"m_FxEnabled":true},"in2DMode":false,"pivot":{"x":0.21145325899124146,"y":-2.005739212036133,"z":2.7427797317504885},"rotation":{"x":0.05696328356862068,"y":0.014976146630942822,"z":-0.0008532656938768923,"w":0.998269259929657},"size":5.295650959014893,"orthographic":false}