{"cameraMode":{"drawMode":0,"name":"Shaded","section":"Shading Mode"},"sceneLighting":false,"audioPlay":false,"sceneViewState":{"m_AlwaysRefresh":false,"showFog":true,"showSkybox":false,"showFlares":true,"showImageEffects":true,"showParticleSystems":true,"showVisualEffectGraphs":true,"m_FxEnabled":true},"in2DMode":false,"pivot":{"x":0.06907808780670166,"y":0.34186115860939028,"z":0.5802268981933594},"rotation":{"x":0.02399909496307373,"y":-0.002768784761428833,"z":0.00007831301627447829,"w":0.9997588396072388},"size":4.09999942779541,"orthographic":false}