{"cameraMode":{"drawMode":0,"name":"Shaded","section":"Shading Mode"},"sceneLighting":false,"audioPlay":false,"sceneViewState":{"m_AlwaysRefresh":false,"showFog":true,"showSkybox":true,"showFlares":true,"showImageEffects":true,"showParticleSystems":true,"showVisualEffectGraphs":true,"m_FxEnabled":true},"in2DMode":false,"pivot":{"x":-0.93210369348526,"y":2.108449935913086,"z":2.1694021224975588},"rotation":{"x":-0.020995812490582467,"y":-0.016199087724089624,"z":-0.0003404284070711583,"w":0.9996492862701416},"size":2.466242790222168,"orthographic":false}