{"cameraMode":{"drawMode":0,"name":"Shaded","section":"Shading Mode"},"sceneLighting":false,"audioPlay":false,"sceneViewState":{"m_AlwaysRefresh":false,"showFog":true,"showSkybox":true,"showFlares":true,"showImageEffects":true,"showParticleSystems":true,"showVisualEffectGraphs":true,"m_FxEnabled":true},"in2DMode":false,"pivot":{"x":-0.20386609435081483,"y":0.13314414024353028,"z":15.482904434204102},"rotation":{"x":0.09434115141630173,"y":-0.02217143401503563,"z":0.002096208045259118,"w":0.9953400492668152},"size":5.993837356567383,"orthographic":false}