{"cameraMode":{"drawMode":0,"name":"Shaded","section":"Shading Mode"},"sceneLighting":false,"audioPlay":false,"sceneViewState":{"m_AlwaysRefresh":false,"showFog":true,"showSkybox":true,"showFlares":true,"showImageEffects":true,"showParticleSystems":true,"showVisualEffectGraphs":true,"m_FxEnabled":true},"in2DMode":false,"pivot":{"x":-4.9625139236450199,"y":-9.349102973937989,"z":18.006189346313478},"rotation":{"x":0.23261268436908723,"y":-0.13198857009410859,"z":0.031880393624305728,"w":0.9630450010299683},"size":14.09244155883789,"orthographic":false}