{"cameraMode":{"drawMode":0,"name":"Shaded","section":"Shading Mode"},"sceneLighting":false,"audioPlay":false,"sceneViewState":{"m_AlwaysRefresh":false,"showFog":true,"showSkybox":true,"showFlares":true,"showImageEffects":true,"showParticleSystems":true,"showVisualEffectGraphs":true,"m_FxEnabled":true},"in2DMode":false,"pivot":{"x":-3.3162529468536379,"y":0.7335238456726074,"z":8.586531639099121},"rotation":{"x":0.03856758028268814,"y":-0.14755532145500184,"z":0.005729347001761198,"w":0.9883220791816711},"size":7.224691390991211,"orthographic":false}