{"cameraMode":{"drawMode":0,"name":"Shaded","section":"Shading Mode"},"sceneLighting":false,"audioPlay":false,"sceneViewState":{"m_AlwaysRefresh":false,"showFog":true,"showSkybox":true,"showFlares":true,"showImageEffects":true,"showParticleSystems":true,"showVisualEffectGraphs":true,"m_FxEnabled":true},"in2DMode":false,"pivot":{"x":1.0513005256652833,"y":0.3214712142944336,"z":3.466491222381592},"rotation":{"x":0.09001114219427109,"y":0.2987652122974396,"z":-0.02831817790865898,"w":0.9496734738349915},"size":2.5563390254974367,"orthographic":false}