{"cameraMode":{"drawMode":0,"name":"Shaded","section":"Shading Mode"},"sceneLighting":false,"audioPlay":false,"sceneViewState":{"m_AlwaysRefresh":false,"showFog":true,"showSkybox":true,"showFlares":true,"showImageEffects":true,"showParticleSystems":true,"showVisualEffectGraphs":true,"m_FxEnabled":true},"in2DMode":false,"pivot":{"x":-0.027124762535095216,"y":0.9051711559295654,"z":1.9871147871017457},"rotation":{"x":0.07138334214687348,"y":-0.1235649511218071,"z":0.008912242017686367,"w":0.9897304773330689},"size":0.9829558730125427,"orthographic":false}