{"cameraMode":{"drawMode":0,"name":"Shaded","section":"Shading Mode"},"sceneLighting":false,"audioPlay":false,"sceneViewState":{"m_AlwaysRefresh":false,"showFog":true,"showSkybox":true,"showFlares":true,"showImageEffects":true,"showParticleSystems":true,"showVisualEffectGraphs":true,"m_FxEnabled":true},"in2DMode":false,"pivot":{"x":-0.8398690819740295,"y":1.4256923198699952,"z":5.844733238220215},"rotation":{"x":0.014803370460867882,"y":-0.16098499298095704,"z":0.0024153885897248985,"w":0.9868557453155518},"size":3.557054042816162,"orthographic":false}