{"cameraMode":{"drawMode":0,"name":"Shaded","section":"Shading Mode"},"sceneLighting":false,"audioPlay":false,"sceneViewState":{"m_AlwaysRefresh":false,"showFog":true,"showSkybox":true,"showFlares":true,"showImageEffects":true,"showParticleSystems":true,"showVisualEffectGraphs":true,"m_FxEnabled":true},"in2DMode":false,"pivot":{"x":-0.487587034702301,"y":3.4947736263275148,"z":2.686335563659668},"rotation":{"x":0.09434115141630173,"y":-0.02217143401503563,"z":0.002096208045259118,"w":0.9953400492668152},"size":3.6061630249023439,"orthographic":false}