{"cameraMode":{"drawMode":0,"name":"Shaded","section":"Shading Mode"},"sceneLighting":false,"audioPlay":false,"sceneViewState":{"m_AlwaysRefresh":false,"showFog":true,"showSkybox":true,"showFlares":true,"showImageEffects":true,"showParticleSystems":true,"showVisualEffectGraphs":true,"m_FxEnabled":true},"in2DMode":false,"pivot":{"x":0.008176278322935105,"y":-0.9048295021057129,"z":6.564236640930176},"rotation":{"x":0.14350172877311707,"y":0.004745985381305218,"z":-0.0006892872625030577,"w":0.9896460175514221},"size":4.757054328918457,"orthographic":false}