{"cameraMode":{"drawMode":0,"name":"Shaded","section":"Shading Mode"},"sceneLighting":false,"audioPlay":false,"sceneViewState":{"m_AlwaysRefresh":false,"showFog":true,"showSkybox":true,"showFlares":true,"showImageEffects":true,"showParticleSystems":true,"showVisualEffectGraphs":true,"m_FxEnabled":true},"in2DMode":false,"pivot":{"x":-4.203790664672852,"y":0.27083122730255129,"z":5.963205814361572},"rotation":{"x":0.11292573809623718,"y":-0.4352722764015198,"z":0.055136535316705707,"w":0.8914932608604431},"size":5.066025733947754,"orthographic":false}