{"cameraMode":{"drawMode":0,"name":"Shaded","section":"Shading Mode"},"sceneLighting":false,"audioPlay":false,"sceneViewState":{"m_AlwaysRefresh":false,"showFog":true,"showSkybox":true,"showFlares":true,"showImageEffects":true,"showParticleSystems":true,"showVisualEffectGraphs":true,"m_FxEnabled":true},"in2DMode":false,"pivot":{"x":-1.5738906860351563,"y":1.5256785154342652,"z":8.039321899414063},"rotation":{"x":0.038899973034858707,"y":-0.06866646558046341,"z":0.002683384343981743,"w":0.9969266653060913},"size":6.115452766418457,"orthographic":false}