{"cameraMode":{"drawMode":0,"name":"Shaded","section":"Shading Mode"},"sceneLighting":false,"audioPlay":false,"sceneViewState":{"m_AlwaysRefresh":false,"showFog":true,"showSkybox":true,"showFlares":true,"showImageEffects":true,"showParticleSystems":true,"showVisualEffectGraphs":true,"m_FxEnabled":true},"in2DMode":false,"pivot":{"x":0.23065772652626038,"y":0.5172443985939026,"z":4.4166951179504398},"rotation":{"x":0.10774215310811997,"y":0.03011452965438366,"z":-0.003266018582507968,"w":0.9937400817871094},"size":2.5674097537994386,"orthographic":false}