{"cameraMode":{"drawMode":0,"name":"Shaded","section":"Shading Mode"},"sceneLighting":false,"audioPlay":false,"sceneViewState":{"m_AlwaysRefresh":false,"showFog":true,"showSkybox":true,"showFlares":true,"showImageEffects":true,"showParticleSystems":true,"showVisualEffectGraphs":true,"m_FxEnabled":true},"in2DMode":false,"pivot":{"x":2.235358953475952,"y":1.121675968170166,"z":4.054533004760742},"rotation":{"x":-0.02999701537191868,"y":0.0017947439337149263,"z":0.00005255748692434281,"w":0.999569296836853},"size":2.7551677227020265,"orthographic":false}