{"cameraMode":{"drawMode":0,"name":"Shaded","section":"Shading Mode"},"sceneLighting":false,"audioPlay":false,"sceneViewState":{"m_AlwaysRefresh":false,"showFog":true,"showSkybox":true,"showFlares":true,"showImageEffects":true,"showParticleSystems":true,"showVisualEffectGraphs":true,"m_FxEnabled":true},"in2DMode":false,"pivot":{"x":-0.37719234824180605,"y":0.049513816833496097,"z":4.13066291809082},"rotation":{"x":0.15981656312942506,"y":0.001768590067513287,"z":-0.00032253083190880716,"w":0.9871817827224731},"size":5.180170059204102,"orthographic":false}