{"cameraMode":{"drawMode":0,"name":"Shaded","section":"Shading Mode"},"sceneLighting":false,"audioPlay":false,"sceneViewState":{"m_AlwaysRefresh":false,"showFog":true,"showSkybox":false,"showFlares":true,"showImageEffects":true,"showParticleSystems":true,"showVisualEffectGraphs":true,"m_FxEnabled":true},"in2DMode":false,"pivot":{"x":-0.007425364106893539,"y":-0.02127799578011036,"z":-0.03273198753595352},"rotation":{"x":-0.020995812490582467,"y":-0.016199087724089624,"z":-0.0003404284070711583,"w":0.9996492862701416},"size":0.08909250795841217,"orthographic":false}