{"cameraMode":{"drawMode":0,"name":"Shaded","section":"Shading Mode"},"sceneLighting":false,"audioPlay":false,"sceneViewState":{"m_AlwaysRefresh":false,"showFog":true,"showSkybox":false,"showFlares":true,"showImageEffects":true,"showParticleSystems":true,"showVisualEffectGraphs":true,"m_FxEnabled":true},"in2DMode":false,"pivot":{"x":-0.38556620478630068,"y":0.9176560044288635,"z":3.814995765686035},"rotation":{"x":-0.008999019861221314,"y":-0.019271640107035638,"z":-0.00014310068218037486,"w":0.999822735786438},"size":5.107395172119141,"orthographic":false}