{"cameraMode":{"drawMode":0,"name":"Shaded","section":"Shading Mode"},"sceneLighting":false,"audioPlay":false,"sceneViewState":{"m_AlwaysRefresh":false,"showFog":true,"showSkybox":false,"showFlares":true,"showImageEffects":true,"showParticleSystems":true,"showVisualEffectGraphs":true,"m_FxEnabled":true},"in2DMode":false,"pivot":{"x":0.015605388209223748,"y":0.00564328208565712,"z":0.0516454353928566},"rotation":{"x":0.17284512519836427,"y":0.5203402042388916,"z":-0.10846097767353058,"w":0.8292219042778015},"size":0.32356351613998415,"orthographic":false}