{"cameraMode":{"drawMode":0,"name":"Shaded","section":"Shading Mode"},"sceneLighting":false,"audioPlay":false,"sceneViewState":{"m_AlwaysRefresh":false,"showFog":true,"showSkybox":false,"showFlares":true,"showImageEffects":true,"showParticleSystems":true,"showVisualEffectGraphs":true,"m_FxEnabled":true},"in2DMode":false,"pivot":{"x":0.590999960899353,"y":-0.1779031902551651,"z":-4.288476467132568},"rotation":{"x":0.03894134610891342,"y":-0.05071105435490608,"z":0.0019924503285437824,"w":0.9979985356330872},"size":2.9009995460510256,"orthographic":false}