{"cameraMode":{"drawMode":0,"name":"Shaded","section":"Shading Mode"},"sceneLighting":false,"audioPlay":false,"sceneViewState":{"m_AlwaysRefresh":false,"showFog":true,"showSkybox":false,"showFlares":true,"showImageEffects":true,"showParticleSystems":true,"showVisualEffectGraphs":true,"m_FxEnabled":true},"in2DMode":false,"pivot":{"x":-2.490764856338501,"y":-0.32968080043792727,"z":5.821406364440918},"rotation":{"x":0.029678886756300927,"y":-0.14492180943489076,"z":0.00435034092515707,"w":0.9889913201332092},"size":7.760215759277344,"orthographic":false}